<?xml version="1.0" encoding="UTF-8"?>

<MedicationStatement xmlns="http://hl7.org/fhir">
  <id value="tbpass-treatment-regimen"/>
  <meta>
    <profile value="http://DigitalSQR.github.io/TBPass-Gh/StructureDefinition/regimen-medicationstatement"/>
  </meta>
  <text>
    <status value="generated"/><div xmlns="http://www.w3.org/1999/xhtml"><p class="res-header-id"><b>Generated Narrative: MedicationStatement tbpass-treatment-regimen</b></p><a name="tbpass-treatment-regimen"> </a><a name="hctbpass-treatment-regimen"> </a><a name="tbpass-treatment-regimen-en-US"> </a><div style="display: inline-block; background-color: #d9e0e7; padding: 6px; margin: 4px; border: 1px solid #8da1b4; border-radius: 5px; line-height: 60%"><p style="margin-bottom: 0px"/><p style="margin-bottom: 0px">Profile: <a href="StructureDefinition-regimen-medicationstatement.html">TB Pass TBMedicationStatement</a></p></div><p><b>status</b>: ended</p><p><b>category</b>: <span title="Codes:{http://fhir.nhis.gov.gh/CodeSystem/RegimenType first-line}">First-line treatment</span></p><p><b>medication</b>: <span title="Codes:">RHZ 75/50/150 - E 100mg-Child-4 - 7 Kg</span></p><p><b>subject</b>: <a href="Patient-tbpass-patient-bernard.html">Bernard Kwasi Wadie  Male, DoB: 2018 ( http://fhir.nhis.gov.gh/Identifier/ClientRegistrationNumber#250508-0001-AF00010101)</a></p><p><b>effective</b>: 2025-05-08 --&gt; 2025-05-10</p><p><b>note</b>: Patient has been adherent to treatment regimen. Side effects include mild nausea and insomnia, which are being managed. Next scheduled follow-up at Korle-Bu TB Clinic on April 15, 2025.</p></div>
  </text>
  <status value="ended"/>
  <category>
    <coding>
      <system value="http://fhir.nhis.gov.gh/CodeSystem/RegimenType"/>
      <code value="first-line"/>
      <display value="First-line treatment"/>
    </coding>
  </category>
  <medicationCodeableConcept>
    <text value="RHZ 75/50/150 - E 100mg-Child-4 - 7 Kg"/>
  </medicationCodeableConcept>
  <subject>
    <reference value="Patient/tbpass-patient-bernard"/>
  </subject>
  <effectivePeriod>
    <start value="2025-05-08"/>
    <end value="2025-05-10"/>
  </effectivePeriod>
  <note>
    <text value="Patient has been adherent to treatment regimen. Side effects include mild nausea and insomnia, which are being managed. Next scheduled follow-up at Korle-Bu TB Clinic on April 15, 2025."/>
  </note>
</MedicationStatement>