<?xml version="1.0" encoding="UTF-8"?>

<Observation xmlns="http://hl7.org/fhir">
  <id value="tbpass-vitals"/>
  <meta>
    <profile value="http://DigitalSQR.github.io/TBPass-Gh/StructureDefinition/ghana-tb-vital-signs"/>
  </meta>
  <text>
    <status value="generated"/><div xmlns="http://www.w3.org/1999/xhtml"><p class="res-header-id"><b>Generated Narrative: Observation tbpass-vitals</b></p><a name="tbpass-vitals"> </a><a name="hctbpass-vitals"> </a><a name="tbpass-vitals-en-US"> </a><div style="display: inline-block; background-color: #d9e0e7; padding: 6px; margin: 4px; border: 1px solid #8da1b4; border-radius: 5px; line-height: 60%"><p style="margin-bottom: 0px"/><p style="margin-bottom: 0px">Profile: <a href="StructureDefinition-ghana-tb-vital-signs.html">TB Pass IPS Vital Signs</a></p></div><p><b>status</b>: Final</p><p><b>category</b>: <span title="Codes:{http://terminology.hl7.org/CodeSystem/observation-category vital-signs}">Vital Signs</span></p><p><b>code</b>: <span title="Codes:">Height and Weight</span></p><p><b>subject</b>: <a href="Patient-tbpass-patient-bernard.html">Bernard Kwasi Wadie  Male, DoB: 2018 ( http://fhir.nhis.gov.gh/Identifier/ClientRegistrationNumber#250508-0001-AF00010101)</a></p><p><b>effective</b>: 2025-05-08</p><blockquote><p><b>component</b></p><p><b>code</b>: <span title="Codes:">Height</span></p><p><b>value</b>: 160 cm</p></blockquote><blockquote><p><b>component</b></p><p><b>code</b>: <span title="Codes:">Weight</span></p><p><b>value</b>: 80 kg</p></blockquote></div>
  </text>
  <status value="final"/>
  <category>
    <coding>
      <system value="http://terminology.hl7.org/CodeSystem/observation-category"/>
      <code value="vital-signs"/>
    </coding>
  </category>
  <code>
    <text value="Height and Weight"/>
  </code>
  <subject>
    <reference value="Patient/tbpass-patient-bernard"/>
  </subject>
  <effectiveDateTime value="2025-05-08"/>
  <component>
    <code>
      <text value="Height"/>
    </code>
    <valueQuantity>
      <value value="160"/>
      <unit value="cm"/>
    </valueQuantity>
  </component>
  <component>
    <code>
      <text value="Weight"/>
    </code>
    <valueQuantity>
      <value value="80"/>
      <unit value="kg"/>
    </valueQuantity>
  </component>
</Observation>