<?xml version="1.0" encoding="UTF-8"?><CodeSystem xmlns="http://hl7.org/fhir"><id value="specimen-types"/><text><status value="generated"/><div xmlns="http://www.w3.org/1999/xhtml"><p class="res-header-id"><b>Generated Narrative: CodeSystem specimen-types</b></p><a name="specimen-types"> </a><a name="hcspecimen-types"> </a><a name="specimen-types-en-US"> </a><p>This  code system <code>http://fhir.nhis.gov.gh/CodeSystem/SpecimenType</code> defines the following codes:</p><table class="codes"><tr><td style="white-space:nowrap"><b>Code</b></td><td><b>Display</b></td></tr><tr><td style="white-space:nowrap">sputum<a name="specimen-types-sputum"> </a></td><td>Sputum</td></tr><tr><td style="white-space:nowrap">stool<a name="specimen-types-stool"> </a></td><td>Stool</td></tr><tr><td style="white-space:nowrap">gastric-lavage<a name="specimen-types-gastric-lavage"> </a></td><td>Gastric Lavage</td></tr></table></div></text><url value="http://fhir.nhis.gov.gh/CodeSystem/SpecimenType"/><version value="0.1.0"/><name value="SpecimenTypes"/><title value="Specimen Types CodeSystem"/><status value="draft"/><date value="2025-05-21T15:04:54+00:00"/><publisher value="Digital Square"/><contact><name value="Digital Square"/><telecom><system value="url"/><value value="http://example.org/example-publisher"/></telecom></contact><description value="A CodeSystem for Specimen Types."/><content value="complete"/><count value="3"/><concept><code value="sputum"/><display value="Sputum"/><designation><use><system value="http://terminology.hl7.org/CodeSystem/designation-usage"/><code value="display"/></use><value value="Sputum"/></designation></concept><concept><code value="stool"/><display value="Stool"/><designation><use><system value="http://terminology.hl7.org/CodeSystem/designation-usage"/><code value="display"/></use><value value="Stool"/></designation></concept><concept><code value="gastric-lavage"/><display value="Gastric Lavage"/><designation><use><system value="http://terminology.hl7.org/CodeSystem/designation-usage"/><code value="display"/></use><value value="Gastric Lavage"/></designation></concept></CodeSystem>