<?xml version="1.0" encoding="UTF-8"?><ValueSet xmlns="http://hl7.org/fhir"><id value="treatment-outcome-vs"/><text><status value="generated"/><div xmlns="http://www.w3.org/1999/xhtml"><p class="res-header-id"><b>Generated Narrative: ValueSet treatment-outcome-vs</b></p><a name="treatment-outcome-vs"> </a><a name="hctreatment-outcome-vs"> </a><a name="treatment-outcome-vs-en-US"> </a><ul><li>Include all codes defined in <a href="CodeSystem-treatment-outcome.html"><code>http://fhir.nhis.gov.gh/CodeSystem/TreatmentOutcome</code></a></li></ul></div></text><url value="http://DigitalSQR.github.io/TBPass-Gh/ValueSet/treatment-outcome-vs"/><version value="0.1.0"/><name value="TreatmentOutcomeVS"/><title value="Treatment Outcome ValueSet"/><status value="draft"/><date value="2025-05-21T15:04:54+00:00"/><publisher value="Digital Square"/><contact><name value="Digital Square"/><telecom><system value="url"/><value value="http://example.org/example-publisher"/></telecom></contact><description value="A ValueSet for Treatment Outcomes."/><compose><include><system value="http://fhir.nhis.gov.gh/CodeSystem/TreatmentOutcome"/></include></compose></ValueSet>