{
  "resourceType" : "Bundle",
  "id" : "TBPassExample",
  "meta" : {
    "profile" : ["http://hl7.org/fhir/uv/ips/StructureDefinition/Bundle-uv-ips"]
  },
  "identifier" : {
    "value" : "TBPass-001"
  },
  "type" : "document",
  "timestamp" : "2025-05-11T10:00:00Z",
  "entry" : [{
    "fullUrl" : "http://example.org/fhir/TBPassComposition/tbpass-composition-001",
    "resource" : {
      "resourceType" : "Composition",
      "id" : "tbpass-composition-001",
      "meta" : {
        "profile" : ["http://DigitalSQR.github.io/TBPass-Gh/StructureDefinition/tb-pass-composition"]
      },
      "text" : {
        "status" : "generated",
        "div" : "<div xmlns=\"http://www.w3.org/1999/xhtml\"><a name=\"Composition_tbpass-composition-001\"> </a><p class=\"res-header-id\"><b>Generated Narrative: Composition tbpass-composition-001</b></p><a name=\"tbpass-composition-001\"> </a><a name=\"hctbpass-composition-001\"> </a><a name=\"tbpass-composition-001-en-US\"> </a><div style=\"display: inline-block; background-color: #d9e0e7; padding: 6px; margin: 4px; border: 1px solid #8da1b4; border-radius: 5px; line-height: 60%\"><p style=\"margin-bottom: 0px\"/><p style=\"margin-bottom: 0px\">Profile: <a href=\"StructureDefinition-tb-pass-composition.html\">TB Pass IPS Composition</a></p></div><p><b>status</b>: Final</p><p><b>type</b>: <span title=\"Codes:{http://loinc.org 60591-5}\">Tuberculosis Progress Note</span></p><p><b>date</b>: 2025-05-11</p><p><b>author</b>: <a href=\"Practitioner/example\">Practitioner/example</a></p><p><b>title</b>: TB Case Summary for Bernard Wadie</p></div>"
      },
      "status" : "final",
      "type" : {
        "coding" : [{
          "system" : "http://loinc.org",
          "code" : "60591-5",
          "display" : "Tuberculosis Progress Note"
        }]
      },
      "subject" : {
        "reference" : "Patient/tbpass-patient-bernard"
      },
      "date" : "2025-05-11",
      "author" : [{
        "reference" : "Practitioner/example"
      }],
      "title" : "TB Case Summary for Bernard Wadie",
      "section" : [{
        "title" : "Problems",
        "code" : {
          "coding" : [{
            "system" : "http://loinc.org",
            "code" : "11450-4"
          }]
        },
        "text" : {
          "status" : "generated",
          "div" : "<div>Confirmed TB case for Bernard Wadie</div>"
        },
        "entry" : [{
          "reference" : "Condition/tbpass-problem-tb"
        }]
      },
      {
        "title" : "Medications",
        "code" : {
          "coding" : [{
            "system" : "http://loinc.org",
            "code" : "10160-0"
          }]
        },
        "text" : {
          "status" : "generated",
          "div" : "<div>First-line TB treatment regimen for Bernard Wadie</div>"
        },
        "entry" : [{
          "reference" : "MedicationStatement/tbpass-treatment-regimen"
        }]
      },
      {
        "title" : "Vital Signs",
        "code" : {
          "coding" : [{
            "system" : "http://loinc.org",
            "code" : "8716-3"
          }]
        },
        "text" : {
          "status" : "generated",
          "div" : "<div>Vital signs at start of treatment</div>"
        },
        "entry" : [{
          "reference" : "Observation/tbpass-vitals"
        }]
      },
      {
        "title" : "Lab Results",
        "code" : {
          "coding" : [{
            "system" : "http://loinc.org",
            "code" : "30954-2"
          }]
        },
        "text" : {
          "status" : "generated",
          "div" : "<div>Lab result showing positive smear microscopy</div>"
        },
        "entry" : [{
          "reference" : "Observation/tbpass-treatment-outcome"
        },
        {
          "reference" : "Observation/tbpass-labresult-001"
        }]
      },
      {
        "title" : "No allergies",
        "code" : {
          "coding" : [{
            "system" : "http://loinc.org",
            "code" : "48765-2"
          }]
        },
        "text" : {
          "status" : "generated",
          "div" : "<div>No known allergies</div>"
        },
        "entry" : [{
          "extension" : [{
            "url" : "http://hl7.org/fhir/StructureDefinition/data-absent-reason",
            "valueCode" : "unknown"
          }]
        }]
      }]
    }
  },
  {
    "fullUrl" : "http://example.org/fhir/Patient/tbpass-patient-bernard",
    "resource" : {
      "resourceType" : "Patient",
      "id" : "tbpass-patient-bernard",
      "meta" : {
        "profile" : ["http://DigitalSQR.github.io/TBPass-Gh/StructureDefinition/tb-pass-patient"]
      },
      "text" : {
        "status" : "generated",
        "div" : "<div xmlns=\"http://www.w3.org/1999/xhtml\"><a name=\"Patient_tbpass-patient-bernard\"> </a><p class=\"res-header-id\"><b>Generated Narrative: Patient tbpass-patient-bernard</b></p><a name=\"tbpass-patient-bernard\"> </a><a name=\"hctbpass-patient-bernard\"> </a><a name=\"tbpass-patient-bernard-en-US\"> </a><div style=\"display: inline-block; background-color: #d9e0e7; padding: 6px; margin: 4px; border: 1px solid #8da1b4; border-radius: 5px; line-height: 60%\"><p style=\"margin-bottom: 0px\"/><p style=\"margin-bottom: 0px\">Profile: <a href=\"StructureDefinition-tb-pass-patient.html\">TB Pass Patient</a></p></div><p style=\"border: 1px #661aff solid; background-color: #e6e6ff; padding: 10px;\">Bernard Kwasi Wadie  Male, DoB: 2018 ( http://fhir.nhis.gov.gh/Identifier/ClientRegistrationNumber#250508-0001-AF00010101)</p><hr/><table class=\"grid\"><tr><td style=\"background-color: #f3f5da\" title=\"Other Ids (see the one above)\">Other Ids:</td><td colspan=\"3\"><ul><li><code>http://fhir.nhis.gov.gh/Identifier/NationalIDNumber</code>/GHA-123456789-0</li><li><code>http://fhir.nhis.gov.gh/Identifier/NHISNumber</code>/123456789</li></ul></td></tr><tr><td style=\"background-color: #f3f5da\" title=\"Ways to contact the Patient\">Contact Detail</td><td colspan=\"3\">ph: 247775121</td></tr></table></div>"
      },
      "identifier" : [{
        "system" : "http://fhir.nhis.gov.gh/Identifier/ClientRegistrationNumber",
        "value" : "250508-0001-AF00010101"
      },
      {
        "system" : "http://fhir.nhis.gov.gh/Identifier/NationalIDNumber",
        "value" : "GHA-123456789-0"
      },
      {
        "system" : "http://fhir.nhis.gov.gh/Identifier/NHISNumber",
        "value" : "123456789"
      }],
      "name" : [{
        "family" : "Wadie",
        "given" : ["Bernard",
        "Kwasi"]
      }],
      "telecom" : [{
        "system" : "phone",
        "value" : "247775121"
      }],
      "gender" : "male",
      "birthDate" : "2018"
    }
  },
  {
    "fullUrl" : "http://example.org/fhir/TBPassTBProblem/tbpass-problem-tb",
    "resource" : {
      "resourceType" : "Condition",
      "id" : "tbpass-problem-tb",
      "meta" : {
        "profile" : ["http://DigitalSQR.github.io/TBPass-Gh/StructureDefinition/tb-problem"]
      },
      "text" : {
        "status" : "generated",
        "div" : "<div xmlns=\"http://www.w3.org/1999/xhtml\"><a name=\"Condition_tbpass-problem-tb\"> </a><p class=\"res-header-id\"><b>Generated Narrative: Condition tbpass-problem-tb</b></p><a name=\"tbpass-problem-tb\"> </a><a name=\"hctbpass-problem-tb\"> </a><a name=\"tbpass-problem-tb-en-US\"> </a><div style=\"display: inline-block; background-color: #d9e0e7; padding: 6px; margin: 4px; border: 1px solid #8da1b4; border-radius: 5px; line-height: 60%\"><p style=\"margin-bottom: 0px\"/><p style=\"margin-bottom: 0px\">Profile: <a href=\"StructureDefinition-tb-problem.html\">TB Pass Problem</a></p></div><p><b>clinicalStatus</b>: <span title=\"Codes:\">active</span></p><p><b>code</b>: <span title=\"Codes:\">Tuberculosis</span></p><p><b>bodySite</b>: <span title=\"Codes:\">Lungs</span></p><p><b>subject</b>: <a href=\"Patient-tbpass-patient-bernard.html\">Bernard Kwasi Wadie  Male, DoB: 2018 ( http://fhir.nhis.gov.gh/Identifier/ClientRegistrationNumber#250508-0001-AF00010101)</a></p><p><b>recordedDate</b>: 2025-05-05</p></div>"
      },
      "clinicalStatus" : {
        "coding" : [{
          "code" : "active"
        }]
      },
      "code" : {
        "text" : "Tuberculosis"
      },
      "bodySite" : [{
        "text" : "Lungs"
      }],
      "subject" : {
        "reference" : "Patient/tbpass-patient-bernard"
      },
      "recordedDate" : "2025-05-05"
    }
  },
  {
    "fullUrl" : "http://example.org/fhir/TBPassRegimenMedicationStatement/tbpass-treatment-regimen",
    "resource" : {
      "resourceType" : "MedicationStatement",
      "id" : "tbpass-treatment-regimen",
      "meta" : {
        "profile" : ["http://DigitalSQR.github.io/TBPass-Gh/StructureDefinition/regimen-medicationstatement"]
      },
      "text" : {
        "status" : "generated",
        "div" : "<div xmlns=\"http://www.w3.org/1999/xhtml\"><a name=\"MedicationStatement_tbpass-treatment-regimen\"> </a><p class=\"res-header-id\"><b>Generated Narrative: MedicationStatement tbpass-treatment-regimen</b></p><a name=\"tbpass-treatment-regimen\"> </a><a name=\"hctbpass-treatment-regimen\"> </a><a name=\"tbpass-treatment-regimen-en-US\"> </a><div style=\"display: inline-block; background-color: #d9e0e7; padding: 6px; margin: 4px; border: 1px solid #8da1b4; border-radius: 5px; line-height: 60%\"><p style=\"margin-bottom: 0px\"/><p style=\"margin-bottom: 0px\">Profile: <a href=\"StructureDefinition-regimen-medicationstatement.html\">TB Pass TBMedicationStatement</a></p></div><p><b>status</b>: ended</p><p><b>category</b>: <span title=\"Codes:{http://fhir.nhis.gov.gh/CodeSystem/RegimenType first-line}\">First-line treatment</span></p><p><b>medication</b>: <span title=\"Codes:\">RHZ 75/50/150 - E 100mg-Child-4 - 7 Kg</span></p><p><b>subject</b>: <a href=\"Patient-tbpass-patient-bernard.html\">Bernard Kwasi Wadie  Male, DoB: 2018 ( http://fhir.nhis.gov.gh/Identifier/ClientRegistrationNumber#250508-0001-AF00010101)</a></p><p><b>effective</b>: 2025-05-08 --&gt; 2025-05-10</p><p><b>note</b>: Patient has been adherent to treatment regimen. Side effects include mild nausea and insomnia, which are being managed. Next scheduled follow-up at Korle-Bu TB Clinic on April 15, 2025.</p></div>"
      },
      "status" : "ended",
      "category" : {
        "coding" : [{
          "system" : "http://fhir.nhis.gov.gh/CodeSystem/RegimenType",
          "code" : "first-line",
          "display" : "First-line treatment"
        }]
      },
      "medicationCodeableConcept" : {
        "text" : "RHZ 75/50/150 - E 100mg-Child-4 - 7 Kg"
      },
      "subject" : {
        "reference" : "Patient/tbpass-patient-bernard"
      },
      "effectivePeriod" : {
        "start" : "2025-05-08",
        "end" : "2025-05-10"
      },
      "note" : [{
        "text" : "Patient has been adherent to treatment regimen. Side effects include mild nausea and insomnia, which are being managed. Next scheduled follow-up at Korle-Bu TB Clinic on April 15, 2025."
      }]
    }
  },
  {
    "fullUrl" : "http://example.org/fhir/TBPassVitalSigns/tbpass-vitals",
    "resource" : {
      "resourceType" : "Observation",
      "id" : "tbpass-vitals",
      "meta" : {
        "profile" : ["http://DigitalSQR.github.io/TBPass-Gh/StructureDefinition/ghana-tb-vital-signs"]
      },
      "text" : {
        "status" : "generated",
        "div" : "<div xmlns=\"http://www.w3.org/1999/xhtml\"><a name=\"Observation_tbpass-vitals\"> </a><p class=\"res-header-id\"><b>Generated Narrative: Observation tbpass-vitals</b></p><a name=\"tbpass-vitals\"> </a><a name=\"hctbpass-vitals\"> </a><a name=\"tbpass-vitals-en-US\"> </a><div style=\"display: inline-block; background-color: #d9e0e7; padding: 6px; margin: 4px; border: 1px solid #8da1b4; border-radius: 5px; line-height: 60%\"><p style=\"margin-bottom: 0px\"/><p style=\"margin-bottom: 0px\">Profile: <a href=\"StructureDefinition-ghana-tb-vital-signs.html\">TB Pass IPS Vital Signs</a></p></div><p><b>status</b>: Final</p><p><b>category</b>: <span title=\"Codes:{http://terminology.hl7.org/CodeSystem/observation-category vital-signs}\">Vital Signs</span></p><p><b>code</b>: <span title=\"Codes:\">Height and Weight</span></p><p><b>subject</b>: <a href=\"Patient-tbpass-patient-bernard.html\">Bernard Kwasi Wadie  Male, DoB: 2018 ( http://fhir.nhis.gov.gh/Identifier/ClientRegistrationNumber#250508-0001-AF00010101)</a></p><p><b>effective</b>: 2025-05-08</p><blockquote><p><b>component</b></p><p><b>code</b>: <span title=\"Codes:\">Height</span></p><p><b>value</b>: 160 cm</p></blockquote><blockquote><p><b>component</b></p><p><b>code</b>: <span title=\"Codes:\">Weight</span></p><p><b>value</b>: 80 kg</p></blockquote></div>"
      },
      "status" : "final",
      "category" : [{
        "coding" : [{
          "system" : "http://terminology.hl7.org/CodeSystem/observation-category",
          "code" : "vital-signs"
        }]
      }],
      "code" : {
        "text" : "Height and Weight"
      },
      "subject" : {
        "reference" : "Patient/tbpass-patient-bernard"
      },
      "effectiveDateTime" : "2025-05-08",
      "component" : [{
        "code" : {
          "text" : "Height"
        },
        "valueQuantity" : {
          "value" : 160,
          "unit" : "cm"
        }
      },
      {
        "code" : {
          "text" : "Weight"
        },
        "valueQuantity" : {
          "value" : 80,
          "unit" : "kg"
        }
      }]
    }
  },
  {
    "fullUrl" : "http://example.org/fhir/TBPassTreatmentOutcome/tbpass-treatment-outcome",
    "resource" : {
      "resourceType" : "Observation",
      "id" : "tbpass-treatment-outcome",
      "meta" : {
        "profile" : ["http://DigitalSQR.github.io/TBPass-Gh/StructureDefinition/treatment-outcome-observation"]
      },
      "text" : {
        "status" : "generated",
        "div" : "<div xmlns=\"http://www.w3.org/1999/xhtml\"><a name=\"Observation_tbpass-treatment-outcome\"> </a><p class=\"res-header-id\"><b>Generated Narrative: Observation tbpass-treatment-outcome</b></p><a name=\"tbpass-treatment-outcome\"> </a><a name=\"hctbpass-treatment-outcome\"> </a><a name=\"tbpass-treatment-outcome-en-US\"> </a><div style=\"display: inline-block; background-color: #d9e0e7; padding: 6px; margin: 4px; border: 1px solid #8da1b4; border-radius: 5px; line-height: 60%\"><p style=\"margin-bottom: 0px\"/><p style=\"margin-bottom: 0px\">Profile: <a href=\"StructureDefinition-treatment-outcome-observation.html\">TB Pass Treatment Outcome</a></p></div><p><b>status</b>: Final</p><p><b>code</b>: <span title=\"Codes:{http://fhir.nhis.gov.gh/CodeSystem/TreatmentOutcome cured}\">Cured</span></p><p><b>subject</b>: <a href=\"Patient-tbpass-patient-bernard.html\">Bernard Kwasi Wadie  Male, DoB: 2018 ( http://fhir.nhis.gov.gh/Identifier/ClientRegistrationNumber#250508-0001-AF00010101)</a></p><p><b>effective</b>: ?? --&gt; 2025-05-08</p></div>"
      },
      "status" : "final",
      "code" : {
        "coding" : [{
          "system" : "http://fhir.nhis.gov.gh/CodeSystem/TreatmentOutcome",
          "code" : "cured"
        }]
      },
      "subject" : {
        "reference" : "Patient/tbpass-patient-bernard"
      },
      "effectivePeriod" : {
        "end" : "2025-05-08"
      }
    }
  },
  {
    "fullUrl" : "http://example.org/fhir/TBPassSpecimen/tbpass-specimen-ak001",
    "resource" : {
      "resourceType" : "Specimen",
      "id" : "tbpass-specimen-ak001",
      "meta" : {
        "profile" : ["http://DigitalSQR.github.io/TBPass-Gh/StructureDefinition/tb-pass-specimen"]
      },
      "text" : {
        "status" : "generated",
        "div" : "<div xmlns=\"http://www.w3.org/1999/xhtml\"><a name=\"Specimen_tbpass-specimen-ak001\"> </a><p class=\"res-header-id\"><b>Generated Narrative: Specimen tbpass-specimen-ak001</b></p><a name=\"tbpass-specimen-ak001\"> </a><a name=\"hctbpass-specimen-ak001\"> </a><a name=\"tbpass-specimen-ak001-en-US\"> </a><div style=\"display: inline-block; background-color: #d9e0e7; padding: 6px; margin: 4px; border: 1px solid #8da1b4; border-radius: 5px; line-height: 60%\"><p style=\"margin-bottom: 0px\"/><p style=\"margin-bottom: 0px\">Profile: <a href=\"StructureDefinition-tb-pass-specimen.html\">TB Pass Specimen</a></p></div><p><b>identifier</b>: <code>http://fhir.nhis.gov.gh/Identifier/TBPassSpecimenID</code>/AK-TB-001</p><p><b>type</b>: <span title=\"Codes:{http://fhir.nhis.gov.gh/CodeSystem/SpecimenType sputum}\">Sputum</span></p></div>"
      },
      "identifier" : [{
        "system" : "http://fhir.nhis.gov.gh/Identifier/TBPassSpecimenID",
        "value" : "AK-TB-001"
      }],
      "type" : {
        "coding" : [{
          "system" : "http://fhir.nhis.gov.gh/CodeSystem/SpecimenType",
          "code" : "sputum"
        }]
      }
    }
  },
  {
    "fullUrl" : "http://example.org/fhir/TBPassLabResults/tbpass-labresult-001",
    "resource" : {
      "resourceType" : "Observation",
      "id" : "tbpass-labresult-001",
      "meta" : {
        "profile" : ["http://DigitalSQR.github.io/TBPass-Gh/StructureDefinition/lab-results-observation"]
      },
      "text" : {
        "status" : "generated",
        "div" : "<div xmlns=\"http://www.w3.org/1999/xhtml\"><a name=\"Observation_tbpass-labresult-001\"> </a><p class=\"res-header-id\"><b>Generated Narrative: Observation tbpass-labresult-001</b></p><a name=\"tbpass-labresult-001\"> </a><a name=\"hctbpass-labresult-001\"> </a><a name=\"tbpass-labresult-001-en-US\"> </a><div style=\"display: inline-block; background-color: #d9e0e7; padding: 6px; margin: 4px; border: 1px solid #8da1b4; border-radius: 5px; line-height: 60%\"><p style=\"margin-bottom: 0px\"/><p style=\"margin-bottom: 0px\">Profile: <a href=\"StructureDefinition-lab-results-observation.html\">TB Pass Treatment Outcome</a></p></div><p><b>status</b>: Final</p><p><b>code</b>: <span title=\"Codes:{http://fhir.nhis.gov.gh/CodeSystem/TestType sputum-smear}\">Sputum Smear</span></p><p><b>subject</b>: <a href=\"Patient-tbpass-patient-bernard.html\">Bernard Kwasi Wadie  Male, DoB: 2018 ( http://fhir.nhis.gov.gh/Identifier/ClientRegistrationNumber#250508-0001-AF00010101)</a></p><p><b>effective</b>: 2025-05-11</p><p><b>value</b>: <span title=\"Codes:{http://fhir.nhis.gov.gh/CodeSystem/TestResult positive-1}\">Positive (+)</span></p><p><b>note</b>: Smear microscopy result returned positive (+)</p><p><b>specimen</b>: <a href=\"Specimen-tbpass-specimen-ak001.html\">Specimen: identifier = http://fhir.nhis.gov.gh/Identifier/TBPassSpecimenID#AK-TB-001; type = Sputum</a></p></div>"
      },
      "status" : "final",
      "code" : {
        "coding" : [{
          "system" : "http://fhir.nhis.gov.gh/CodeSystem/TestType",
          "code" : "sputum-smear"
        }]
      },
      "subject" : {
        "reference" : "Patient/tbpass-patient-bernard"
      },
      "effectiveDateTime" : "2025-05-11",
      "valueCodeableConcept" : {
        "coding" : [{
          "system" : "http://fhir.nhis.gov.gh/CodeSystem/TestResult",
          "code" : "positive-1"
        }]
      },
      "note" : [{
        "text" : "Smear microscopy result returned positive (+)"
      }],
      "specimen" : {
        "reference" : "Specimen/tbpass-specimen-ak001"
      }
    }
  }]
}