{
  "codeSystems" : [
    {
      "url" : "http://fhir.nhis.gov.gh/CodeSystem/RegimenType",
      "version" : "0.1.0",
      "status" : "draft",
      "name" : "RegimenTypes",
      "title" : "Regimen Types CodeSystem",
      "description" : "A CodeSystem for Regimen Types."
    },
    {
      "url" : "http://fhir.nhis.gov.gh/CodeSystem/SpecimenType",
      "version" : "0.1.0",
      "status" : "draft",
      "name" : "SpecimenTypes",
      "title" : "Specimen Types CodeSystem",
      "description" : "A CodeSystem for Specimen Types."
    },
    {
      "url" : "http://fhir.nhis.gov.gh/CodeSystem/TestResult",
      "version" : "0.1.0",
      "status" : "draft",
      "name" : "TestResults",
      "title" : "Test Results CodeSystem",
      "description" : "A CodeSystem for Test Results."
    },
    {
      "url" : "http://fhir.nhis.gov.gh/CodeSystem/TestType",
      "version" : "0.1.0",
      "status" : "draft",
      "name" : "TestTypes",
      "title" : "Test Types CodeSystem",
      "description" : "A CodeSystem for Test Types."
    },
    {
      "url" : "http://fhir.nhis.gov.gh/CodeSystem/TreatmentOutcome",
      "version" : "0.1.0",
      "status" : "draft",
      "name" : "TreatmentOutcome",
      "title" : "Treatment Outcome CodeSystem",
      "description" : "A CodeSystem for Treatment Outcomes."
    }
  ]
}
