{
  "package": "ds.fhir.gh.tb-pass",
  "version": "0.1.0",
  "fhirVersion": "4.0.1",
  "extensions": [],
  "profiles": {
    "Observation": [
      {
        "url": "http://DigitalSQR.github.io/TBPass-Gh/StructureDefinition/treatment-outcome-observation",
        "title": "TB Pass Treatment Outcome"
      }
    ],
    "MedicationStatement": [
      {
        "url": "http://DigitalSQR.github.io/TBPass-Gh/StructureDefinition/regimen-medicationstatement",
        "title": "TB Pass TBMedicationStatement"
      }
    ],
    "Composition": [
      {
        "url": "http://DigitalSQR.github.io/TBPass-Gh/StructureDefinition/tb-pass-composition",
        "title": "TB Pass IPS Composition"
      }
    ],
    "Patient": [
      {
        "url": "http://DigitalSQR.github.io/TBPass-Gh/StructureDefinition/tb-pass-patient",
        "title": "TB Pass Patient"
      }
    ],
    "Specimen": [
      {
        "url": "http://DigitalSQR.github.io/TBPass-Gh/StructureDefinition/tb-pass-specimen",
        "title": "TB Pass Specimen"
      }
    ],
    "Condition": [
      {
        "url": "http://DigitalSQR.github.io/TBPass-Gh/StructureDefinition/tb-problem",
        "title": "TB Pass Problem"
      }
    ]
  },
  "usage": {
    "http://hl7.org/fhir/StructureDefinition/composition-clinicaldocument-versionNumber": [
      "Composition"
    ],
    "http://hl7.org/fhir/StructureDefinition/data-absent-reason": [
      "Bundle.entry.resource.section.entry",
      "Composition.section",
      "Composition.section.entry",
      "MedicationStatement.effective[x]",
      "Observation.effective[x]"
    ],
    "http://hl7.org/fhir/StructureDefinition/elementdefinition-bestpractice": [
      "StructureDefinition.snapshot.element.constraint"
    ],
    "http://hl7.org/fhir/StructureDefinition/elementdefinition-bestpractice-explanation": [
      "StructureDefinition.snapshot.element.constraint"
    ],
    "http://hl7.org/fhir/StructureDefinition/elementdefinition-bindingName": [
      "StructureDefinition.snapshot.element.binding"
    ],
    "http://hl7.org/fhir/StructureDefinition/elementdefinition-maxValueSet": [
      "StructureDefinition.snapshot.element.binding"
    ],
    "http://hl7.org/fhir/StructureDefinition/elementdefinition-translatable": [
      "StructureDefinition.snapshot.element"
    ],
    "http://hl7.org/fhir/StructureDefinition/elementdefinition-type-must-support": [
      "StructureDefinition.snapshot.element.type"
    ],
    "http://hl7.org/fhir/StructureDefinition/structuredefinition-display-hint": [
      "StructureDefinition.snapshot.element"
    ],
    "http://hl7.org/fhir/StructureDefinition/structuredefinition-explicit-type-name": [
      "StructureDefinition.snapshot.element"
    ],
    "http://hl7.org/fhir/StructureDefinition/structuredefinition-fhir-type": [
      "StructureDefinition.snapshot.element.type"
    ],
    "http://hl7.org/fhir/StructureDefinition/structuredefinition-hierarchy": [
      "StructureDefinition.snapshot.element.type"
    ],
    "http://hl7.org/fhir/tools/StructureDefinition/additional-binding": [
      "StructureDefinition.snapshot.element.binding"
    ],
    "http://hl7.org/fhir/tools/StructureDefinition/ig-internal-dependency": [
      "ImplementationGuide.definition"
    ],
    "http://hl7.org/fhir/tools/StructureDefinition/ig-page-name": [
      "ImplementationGuide.definition.page",
      "ImplementationGuide.definition.page.page"
    ],
    "http://hl7.org/fhir/tools/StructureDefinition/ig-parameter": [
      "ImplementationGuide.definition"
    ],
    "http://hl7.org/fhir/tools/StructureDefinition/implementationguide-dependency-comment": [
      "ImplementationGuide.dependsOn"
    ],
    "http://hl7.org/fhir/tools/StructureDefinition/resource-information": [
      "ImplementationGuide.definition.resource"
    ],
    "http://hl7.org/fhir/tools/StructureDefinition/snapshot-base-version": [
      "StructureDefinition.snapshot"
    ]
  }
}