{
  "codeSystems" : [
    {
      "url" : "http://DigitalSQR.github.io/TBPass-Gh/ValueSet/regimen-types-vs",
      "version" : "0.1.0",
      "status" : "draft",
      "name" : "RegimenTypesVS",
      "title" : "Regimen Types ValueSet",
      "description" : "A ValueSet for Regimen Types.",
      "systems" : ["http://fhir.nhis.gov.gh/CodeSystem/RegimenType"],
      "uses" : {
      },
      "StructureDefinition-regimen-medicationstatement.html" : "TB Pass TBMedicationStatement"
    },
    {
      "url" : "http://DigitalSQR.github.io/TBPass-Gh/ValueSet/specimen-types-vs",
      "version" : "0.1.0",
      "status" : "draft",
      "name" : "SpecimenTypesVS",
      "title" : "Specimen Types ValueSet",
      "description" : "A ValueSet for Specimen Types.",
      "systems" : ["http://fhir.nhis.gov.gh/CodeSystem/SpecimenType"],
      "uses" : {
      },
      "StructureDefinition-tb-pass-specimen.html" : "TB Pass Specimen"
    },
    {
      "url" : "http://DigitalSQR.github.io/TBPass-Gh/ValueSet/test-results-vs",
      "version" : "0.1.0",
      "status" : "draft",
      "name" : "TestResultsVS",
      "title" : "Test Results ValueSet",
      "description" : "A ValueSet for Test Results.",
      "systems" : ["http://fhir.nhis.gov.gh/CodeSystem/TestResult"],
      "uses" : {
      },
      "StructureDefinition-lab-results-observation.html" : "TB Pass Treatment Outcome"
    },
    {
      "url" : "http://DigitalSQR.github.io/TBPass-Gh/ValueSet/test-types-vs",
      "version" : "0.1.0",
      "status" : "draft",
      "name" : "TestTypesVS",
      "title" : "Test Types ValueSet",
      "description" : "A ValueSet for Test Types.",
      "systems" : ["http://fhir.nhis.gov.gh/CodeSystem/TestType"],
      "uses" : {
      },
      "StructureDefinition-lab-results-observation.html" : "TB Pass Treatment Outcome"
    },
    {
      "url" : "http://DigitalSQR.github.io/TBPass-Gh/ValueSet/treatment-outcome-vs",
      "version" : "0.1.0",
      "status" : "draft",
      "name" : "TreatmentOutcomeVS",
      "title" : "Treatment Outcome ValueSet",
      "description" : "A ValueSet for Treatment Outcomes.",
      "systems" : ["http://fhir.nhis.gov.gh/CodeSystem/TreatmentOutcome"],
      "uses" : {
      },
      "StructureDefinition-treatment-outcome-observation.html" : "TB Pass Treatment Outcome",
      "StructureDefinition-tb-patient-ips.html" : "TB Patient IPS Logical Model"
    },
    {
      "url" : "http://hl7.org/fhir/ValueSet/additional-instruction-codes",
      "version" : "4.0.1",
      "status" : "draft",
      "name" : "SNOMEDCTAdditionalDosageInstructions",
      "title" : "SNOMED CT Additional Dosage Instructions",
      "description" : "This value set includes all SNOMED CT Additional Dosage Instructions.",
      "systems" : ["http://snomed.info/sct"],
      "oids" : ["2.16.840.1.113883.4.642.3.95"],
      "sources" : ["2.16.840.1.113883.4.642.3.95"],
      "uses" : {
      },
      "StructureDefinition-regimen-medicationstatement.html" : "TB Pass TBMedicationStatement"
    },
    {
      "url" : "http://hl7.org/fhir/ValueSet/administration-method-codes",
      "version" : "4.0.1",
      "status" : "draft",
      "name" : "SNOMEDCTAdministrationMethodCodes",
      "title" : "SNOMED CT Administration Method Codes",
      "description" : "This value set includes some method codes from SNOMED CT - provided as an exemplar",
      "systems" : ["http://snomed.info/sct"],
      "oids" : ["2.16.840.1.113883.4.642.3.97"],
      "sources" : ["2.16.840.1.113883.4.642.3.97"],
      "uses" : {
      },
      "StructureDefinition-regimen-medicationstatement.html" : "TB Pass TBMedicationStatement"
    },
    {
      "url" : "http://hl7.org/fhir/ValueSet/administrative-gender",
      "version" : "4.0.1",
      "status" : "active",
      "name" : "AdministrativeGender",
      "title" : "AdministrativeGender",
      "description" : "The gender of a person used for administrative purposes.",
      "systems" : ["http://hl7.org/fhir/administrative-gender"],
      "oids" : ["2.16.840.1.113883.4.642.3.1"],
      "sources" : ["2.16.840.1.113883.4.642.3.1"],
      "uses" : {
      },
      "StructureDefinition-tb-patient-ips.html" : "TB Patient IPS Logical Model",
      "StructureDefinition-tb-pass-patient.html" : "TB Pass Patient"
    },
    {
      "url" : "http://hl7.org/fhir/ValueSet/approach-site-codes",
      "version" : "4.0.1",
      "status" : "draft",
      "name" : "SNOMEDCTAnatomicalStructureForAdministrationSiteCodes",
      "title" : "SNOMED CT Anatomical Structure for Administration Site Codes",
      "description" : "This value set includes Anatomical Structure codes from SNOMED CT - provided as an exemplar.",
      "systems" : ["http://snomed.info/sct"],
      "oids" : ["2.16.840.1.113883.4.642.3.346"],
      "sources" : ["2.16.840.1.113883.4.642.3.346"],
      "uses" : {
      },
      "StructureDefinition-regimen-medicationstatement.html" : "TB Pass TBMedicationStatement"
    },
    {
      "url" : "http://hl7.org/fhir/ValueSet/body-site",
      "version" : "4.0.1",
      "status" : "draft",
      "name" : "SNOMEDCTBodyStructures",
      "title" : "SNOMED CT Body Structures",
      "description" : "This value set includes all codes from [SNOMED CT](http://snomed.info/sct) where concept is-a 442083009 (Anatomical or acquired body site (body structure)).",
      "systems" : ["http://snomed.info/sct"],
      "oids" : ["2.16.840.1.113883.4.642.3.141"],
      "sources" : ["2.16.840.1.113883.4.642.3.141"],
      "uses" : {
      },
      "StructureDefinition-lab-results-observation.html" : "TB Pass Treatment Outcome",
      "StructureDefinition-treatment-outcome-observation.html" : "TB Pass Treatment Outcome",
      "StructureDefinition-tb-problem.html" : "TB Pass Problem",
      "StructureDefinition-ghana-tb-vital-signs.html" : "TB Pass IPS Vital Signs",
      "StructureDefinition-ghana-tb-observation.html" : "TB Pass IPS Observation"
    },
    {
      "url" : "http://hl7.org/fhir/ValueSet/composition-attestation-mode",
      "version" : "4.0.1",
      "status" : "draft",
      "name" : "CompositionAttestationMode",
      "title" : "CompositionAttestationMode",
      "description" : "The way in which a person authenticated a composition.",
      "systems" : ["http://hl7.org/fhir/composition-attestation-mode"],
      "oids" : ["2.16.840.1.113883.4.642.3.238"],
      "sources" : ["2.16.840.1.113883.4.642.3.238"],
      "uses" : {
      },
      "StructureDefinition-tb-pass-composition.html" : "TB Pass IPS Composition"
    },
    {
      "url" : "http://hl7.org/fhir/ValueSet/composition-status",
      "version" : "4.0.1",
      "status" : "draft",
      "name" : "CompositionStatus",
      "title" : "CompositionStatus",
      "description" : "The workflow/clinical status of the composition.",
      "systems" : ["http://hl7.org/fhir/composition-status"],
      "oids" : ["2.16.840.1.113883.4.642.3.241"],
      "sources" : ["2.16.840.1.113883.4.642.3.241"],
      "uses" : {
      },
      "StructureDefinition-tb-pass-composition.html" : "TB Pass IPS Composition"
    },
    {
      "url" : "http://hl7.org/fhir/ValueSet/condition-clinical",
      "version" : "4.0.1",
      "status" : "draft",
      "name" : "ConditionClinicalStatusCodes",
      "title" : "Condition Clinical Status Codes",
      "description" : "Preferred value set for Condition Clinical Status.",
      "systems" : ["http://terminology.hl7.org/CodeSystem/condition-clinical"],
      "oids" : ["2.16.840.1.113883.4.642.3.164"],
      "sources" : ["2.16.840.1.113883.4.642.3.164"],
      "uses" : {
      },
      "StructureDefinition-tb-problem.html" : "TB Pass Problem"
    },
    {
      "url" : "http://hl7.org/fhir/ValueSet/condition-code",
      "version" : "4.0.1",
      "status" : "draft",
      "name" : "Condition/Problem/DiagnosisCodes",
      "title" : "Condition/Problem/Diagnosis Codes",
      "description" : "Example value set for Condition/Problem/Diagnosis codes.",
      "systems" : ["http://snomed.info/sct"],
      "oids" : ["2.16.840.1.113883.4.642.3.161"],
      "sources" : ["2.16.840.1.113883.4.642.3.161"],
      "uses" : {
      },
      "StructureDefinition-regimen-medicationstatement.html" : "TB Pass TBMedicationStatement"
    },
    {
      "url" : "http://hl7.org/fhir/ValueSet/condition-severity",
      "version" : "4.0.1",
      "status" : "draft",
      "name" : "Condition/DiagnosisSeverity",
      "title" : "Condition/Diagnosis Severity",
      "description" : "Preferred value set for Condition/Diagnosis severity grading.",
      "systems" : ["http://snomed.info/sct"],
      "oids" : ["2.16.840.1.113883.4.642.3.168"],
      "sources" : ["2.16.840.1.113883.4.642.3.168"],
      "uses" : {
      },
      "StructureDefinition-tb-problem.html" : "TB Pass Problem"
    },
    {
      "url" : "http://hl7.org/fhir/ValueSet/condition-stage",
      "version" : "4.0.1",
      "status" : "draft",
      "name" : "ConditionStage",
      "title" : "Condition Stage",
      "description" : "Example value set for stages of cancer and other conditions.",
      "systems" : ["http://snomed.info/sct"],
      "oids" : ["2.16.840.1.113883.4.642.3.170"],
      "sources" : ["2.16.840.1.113883.4.642.3.170"],
      "uses" : {
      },
      "StructureDefinition-tb-problem.html" : "TB Pass Problem"
    },
    {
      "url" : "http://hl7.org/fhir/ValueSet/condition-stage-type",
      "version" : "4.0.1",
      "status" : "draft",
      "name" : "ConditionStageType",
      "title" : "Condition Stage Type",
      "description" : "Example value set for the type of stages of cancer and other conditions",
      "systems" : ["http://snomed.info/sct"],
      "oids" : ["2.16.840.1.113883.4.642.3.171"],
      "sources" : ["2.16.840.1.113883.4.642.3.171"],
      "uses" : {
      },
      "StructureDefinition-tb-problem.html" : "TB Pass Problem"
    },
    {
      "url" : "http://hl7.org/fhir/ValueSet/condition-ver-status",
      "version" : "4.0.1",
      "status" : "draft",
      "name" : "ConditionVerificationStatus",
      "title" : "ConditionVerificationStatus",
      "description" : "The verification status to support or decline the clinical status of the condition or diagnosis.",
      "systems" : ["http://terminology.hl7.org/CodeSystem/condition-ver-status"],
      "oids" : ["2.16.840.1.113883.4.642.3.166"],
      "sources" : ["2.16.840.1.113883.4.642.3.166"],
      "uses" : {
      },
      "StructureDefinition-tb-problem.html" : "TB Pass Problem"
    },
    {
      "url" : "http://hl7.org/fhir/ValueSet/contact-point-system",
      "version" : "4.0.1",
      "status" : "active",
      "name" : "ContactPointSystem",
      "title" : "ContactPointSystem",
      "description" : "Telecommunications form for contact point.",
      "systems" : ["http://hl7.org/fhir/contact-point-system"],
      "oids" : ["2.16.840.1.113883.4.642.3.71"],
      "sources" : ["2.16.840.1.113883.4.642.3.71"],
      "uses" : {
      },
      "StructureDefinition-tb-pass-patient.html" : "TB Pass Patient"
    },
    {
      "url" : "http://hl7.org/fhir/ValueSet/contact-point-use",
      "version" : "4.0.1",
      "status" : "active",
      "name" : "ContactPointUse",
      "title" : "ContactPointUse",
      "description" : "Use of contact point.",
      "systems" : ["http://hl7.org/fhir/contact-point-use"],
      "oids" : ["2.16.840.1.113883.4.642.3.73"],
      "sources" : ["2.16.840.1.113883.4.642.3.73"],
      "uses" : {
      },
      "StructureDefinition-tb-pass-patient.html" : "TB Pass Patient"
    },
    {
      "url" : "http://hl7.org/fhir/ValueSet/data-absent-reason",
      "version" : "4.0.1",
      "status" : "active",
      "name" : "DataAbsentReason",
      "title" : "DataAbsentReason",
      "description" : "Used to specify why the normally expected content of the data element is missing.",
      "systems" : ["http://terminology.hl7.org/CodeSystem/data-absent-reason"],
      "oids" : ["2.16.840.1.113883.4.642.3.5"],
      "sources" : ["2.16.840.1.113883.4.642.3.5"],
      "uses" : {
      },
      "StructureDefinition-lab-results-observation.html" : "TB Pass Treatment Outcome",
      "StructureDefinition-treatment-outcome-observation.html" : "TB Pass Treatment Outcome",
      "StructureDefinition-tb-pass-composition.html" : "TB Pass IPS Composition",
      "StructureDefinition-ghana-tb-vital-signs.html" : "TB Pass IPS Vital Signs",
      "StructureDefinition-ghana-tb-observation.html" : "TB Pass IPS Observation"
    },
    {
      "url" : "http://hl7.org/fhir/ValueSet/doc-section-codes",
      "version" : "4.0.1",
      "status" : "draft",
      "name" : "DocumentSectionCodes",
      "title" : "Document Section Codes",
      "description" : "Document section codes (LOINC codes used in CCDA sections).",
      "systems" : ["http://loinc.org"],
      "oids" : ["2.16.840.1.113883.4.642.3.237"],
      "sources" : ["2.16.840.1.113883.4.642.3.237"],
      "uses" : {
      },
      "StructureDefinition-tb-pass-composition.html" : "TB Pass IPS Composition"
    },
    {
      "url" : "http://hl7.org/fhir/ValueSet/doc-typecodes",
      "version" : "4.0.1",
      "status" : "draft",
      "name" : "FHIRDocumentTypeCodes",
      "title" : "FHIR Document Type Codes",
      "description" : "FHIR Document Codes - all LOINC codes where scale type = 'DOC'.",
      "systems" : ["http://loinc.org"],
      "oids" : ["2.16.840.1.113883.4.642.3.240"],
      "sources" : ["2.16.840.1.113883.4.642.3.240"],
      "uses" : {
      },
      "StructureDefinition-tb-pass-composition.html" : "TB Pass IPS Composition"
    },
    {
      "url" : "http://hl7.org/fhir/ValueSet/document-classcodes",
      "version" : "4.0.1",
      "status" : "active",
      "name" : "DocumentClassValueSet",
      "title" : "Document Class Value Set",
      "description" : "This is the code specifying the high-level kind of document (e.g. Prescription, Discharge Summary, Report, etc.). Note: Class code for documents comes from LOINC, and is based upon one of the following:The type of service described by the document. It is described at a very high level in Section 7.3 of the LOINC Manual. The type study performed. It was determined by identifying modalities for study reports. The section of the chart where the document is placed. It was determined from the SETs created for Claims Attachment requests.",
      "systems" : ["http://loinc.org"],
      "oids" : ["2.16.840.1.113883.3.88.12.80.46"],
      "sources" : ["2.16.840.1.113883.3.88.12.80.46"],
      "uses" : {
      },
      "StructureDefinition-tb-pass-composition.html" : "TB Pass IPS Composition"
    },
    {
      "url" : "http://hl7.org/fhir/ValueSet/document-relationship-type",
      "version" : "4.0.1",
      "status" : "draft",
      "name" : "DocumentRelationshipType",
      "title" : "DocumentRelationshipType",
      "description" : "The type of relationship between documents.",
      "systems" : ["http://hl7.org/fhir/document-relationship-type"],
      "oids" : ["2.16.840.1.113883.4.642.3.244"],
      "sources" : ["2.16.840.1.113883.4.642.3.244"],
      "uses" : {
      },
      "StructureDefinition-tb-pass-composition.html" : "TB Pass IPS Composition"
    },
    {
      "url" : "http://hl7.org/fhir/ValueSet/dose-rate-type",
      "version" : "4.0.1",
      "status" : "draft",
      "name" : "DoseAndRateType",
      "title" : "DoseAndRateType",
      "description" : "The kind of dose or rate specified.",
      "systems" : ["http://terminology.hl7.org/CodeSystem/dose-rate-type"],
      "oids" : ["2.16.840.1.113883.4.642.3.981"],
      "sources" : ["2.16.840.1.113883.4.642.3.981"],
      "uses" : {
      },
      "StructureDefinition-regimen-medicationstatement.html" : "TB Pass TBMedicationStatement"
    },
    {
      "url" : "http://hl7.org/fhir/ValueSet/identifier-type",
      "version" : "4.0.1",
      "status" : "active",
      "name" : "Identifier Type Codes",
      "title" : "IdentifierType",
      "description" : "A coded type for an identifier that can be used to determine which identifier to use for a specific purpose.",
      "systems" : ["http://terminology.hl7.org/CodeSystem/v2-0203"],
      "oids" : ["2.16.840.1.113883.4.642.3.45"],
      "sources" : ["2.16.840.1.113883.4.642.3.45"],
      "uses" : {
      },
      "StructureDefinition-tb-pass-specimen.html" : "TB Pass Specimen",
      "StructureDefinition-tb-pass-patient.html" : "TB Pass Patient"
    },
    {
      "url" : "http://hl7.org/fhir/ValueSet/identifier-use",
      "version" : "4.0.1",
      "status" : "active",
      "name" : "IdentifierUse",
      "title" : "IdentifierUse",
      "description" : "Identifies the purpose for this identifier, if known .",
      "systems" : ["http://hl7.org/fhir/identifier-use"],
      "oids" : ["2.16.840.1.113883.4.642.3.57"],
      "sources" : ["2.16.840.1.113883.4.642.3.57"],
      "uses" : {
      },
      "StructureDefinition-tb-pass-specimen.html" : "TB Pass Specimen",
      "StructureDefinition-tb-pass-patient.html" : "TB Pass Patient"
    },
    {
      "url" : "http://hl7.org/fhir/ValueSet/languages",
      "version" : "4.0.1",
      "status" : "draft",
      "name" : "CommonLanguages",
      "title" : "Common Languages",
      "description" : "This value set includes common codes from BCP-47 (http://tools.ietf.org/html/bcp47)",
      "systems" : ["urn:ietf:bcp:47"],
      "oids" : ["2.16.840.1.113883.4.642.3.20"],
      "sources" : ["2.16.840.1.113883.4.642.3.20"],
      "uses" : {
      },
      "StructureDefinition-tb-pass-specimen.html" : "TB Pass Specimen",
      "StructureDefinition-lab-results-observation.html" : "TB Pass Treatment Outcome",
      "StructureDefinition-treatment-outcome-observation.html" : "TB Pass Treatment Outcome",
      "StructureDefinition-tb-pass-composition.html" : "TB Pass IPS Composition",
      "StructureDefinition-tb-problem.html" : "TB Pass Problem",
      "StructureDefinition-tb-pass-patient.html" : "TB Pass Patient",
      "StructureDefinition-ghana-tb-vital-signs.html" : "TB Pass IPS Vital Signs",
      "StructureDefinition-regimen-medicationstatement.html" : "TB Pass TBMedicationStatement",
      "StructureDefinition-ghana-tb-observation.html" : "TB Pass IPS Observation"
    },
    {
      "url" : "http://hl7.org/fhir/ValueSet/link-type",
      "version" : "4.0.1",
      "status" : "active",
      "name" : "LinkType",
      "title" : "LinkType",
      "description" : "The type of link between this patient resource and another patient resource.",
      "systems" : ["http://hl7.org/fhir/link-type"],
      "oids" : ["2.16.840.1.113883.4.642.3.423"],
      "sources" : ["2.16.840.1.113883.4.642.3.423"],
      "uses" : {
      },
      "StructureDefinition-tb-pass-patient.html" : "TB Pass Patient"
    },
    {
      "url" : "http://hl7.org/fhir/ValueSet/list-empty-reason",
      "version" : "4.0.1",
      "status" : "draft",
      "name" : "ListEmptyReasons",
      "title" : "List Empty Reasons",
      "description" : "General reasons for a list to be empty. Reasons are either related to a summary list (i.e. problem or medication list) or to a workflow related list (i.e. consultation list).",
      "systems" : ["http://terminology.hl7.org/CodeSystem/list-empty-reason"],
      "oids" : ["2.16.840.1.113883.4.642.3.322"],
      "sources" : ["2.16.840.1.113883.4.642.3.322"],
      "uses" : {
      },
      "StructureDefinition-tb-pass-composition.html" : "TB Pass IPS Composition"
    },
    {
      "url" : "http://hl7.org/fhir/ValueSet/list-mode",
      "version" : "4.0.1",
      "status" : "draft",
      "name" : "ListMode",
      "title" : "ListMode",
      "description" : "The processing mode that applies to this list.",
      "systems" : ["http://hl7.org/fhir/list-mode"],
      "oids" : ["2.16.840.1.113883.4.642.3.318"],
      "sources" : ["2.16.840.1.113883.4.642.3.318"],
      "uses" : {
      },
      "StructureDefinition-tb-pass-composition.html" : "TB Pass IPS Composition"
    },
    {
      "url" : "http://hl7.org/fhir/ValueSet/list-order",
      "version" : "4.0.1",
      "status" : "draft",
      "name" : "ListOrderCodes",
      "title" : "List Order Codes",
      "description" : "Base values for the order of the items in a list resource.",
      "systems" : ["http://terminology.hl7.org/CodeSystem/list-order"],
      "oids" : ["2.16.840.1.113883.4.642.3.324"],
      "sources" : ["2.16.840.1.113883.4.642.3.324"],
      "uses" : {
      },
      "StructureDefinition-tb-pass-composition.html" : "TB Pass IPS Composition"
    },
    {
      "url" : "http://hl7.org/fhir/ValueSet/manifestation-or-symptom",
      "version" : "4.0.1",
      "status" : "draft",
      "name" : "ManifestationAndSymptomCodes",
      "title" : "Manifestation and Symptom Codes",
      "description" : "Example value set for Manifestation and Symptom codes.",
      "systems" : ["http://snomed.info/sct"],
      "oids" : ["2.16.840.1.113883.4.642.3.169"],
      "sources" : ["2.16.840.1.113883.4.642.3.169"],
      "uses" : {
      },
      "StructureDefinition-tb-problem.html" : "TB Pass Problem"
    },
    {
      "url" : "http://hl7.org/fhir/ValueSet/marital-status",
      "version" : "4.0.1",
      "status" : "active",
      "name" : "Marital Status Codes",
      "title" : "MaritalStatus",
      "description" : "This value set defines the set of codes that can be used to indicate the marital status of a person.",
      "systems" : [
        "http://terminology.hl7.org/CodeSystem/v3-MaritalStatus",
        "http://terminology.hl7.org/CodeSystem/v3-NullFlavor"
      ],
      "oids" : ["2.16.840.1.113883.4.642.3.29"],
      "sources" : ["2.16.840.1.113883.4.642.3.29"],
      "uses" : {
      },
      "StructureDefinition-tb-pass-patient.html" : "TB Pass Patient"
    },
    {
      "url" : "http://hl7.org/fhir/ValueSet/medication-as-needed-reason",
      "version" : "4.0.1",
      "status" : "draft",
      "name" : "SNOMEDCTMedicationAsNeededReasonCodes",
      "title" : "SNOMED CT Medication As Needed Reason Codes",
      "description" : "This value set includes all clinical findings from SNOMED CT - provided as an exemplar value set.",
      "systems" : ["http://snomed.info/sct"],
      "oids" : ["2.16.840.1.113883.4.642.3.96"],
      "sources" : ["2.16.840.1.113883.4.642.3.96"],
      "uses" : {
      },
      "StructureDefinition-regimen-medicationstatement.html" : "TB Pass TBMedicationStatement"
    },
    {
      "url" : "http://hl7.org/fhir/ValueSet/medication-statement-status",
      "version" : "4.0.1",
      "status" : "draft",
      "name" : "Medication Status Codes",
      "title" : "Medication  status  codes",
      "description" : "Medication Status Codes",
      "systems" : ["http://hl7.org/fhir/CodeSystem/medication-statement-status"],
      "oids" : ["2.16.840.1.113883.4.642.3.367"],
      "sources" : ["2.16.840.1.113883.4.642.3.367"],
      "uses" : {
      },
      "StructureDefinition-regimen-medicationstatement.html" : "TB Pass TBMedicationStatement"
    },
    {
      "url" : "http://hl7.org/fhir/ValueSet/name-use",
      "version" : "4.0.1",
      "status" : "active",
      "name" : "NameUse",
      "title" : "NameUse",
      "description" : "The use of a human name.",
      "systems" : ["http://hl7.org/fhir/name-use"],
      "oids" : ["2.16.840.1.113883.4.642.3.65"],
      "sources" : ["2.16.840.1.113883.4.642.3.65"],
      "uses" : {
      },
      "StructureDefinition-tb-pass-patient.html" : "TB Pass Patient"
    },
    {
      "url" : "http://hl7.org/fhir/ValueSet/narrative-status",
      "version" : "4.0.1",
      "status" : "draft",
      "name" : "NarrativeStatus",
      "title" : "NarrativeStatus",
      "description" : "The status of a resource narrative.",
      "systems" : ["http://hl7.org/fhir/narrative-status"],
      "oids" : ["2.16.840.1.113883.4.642.3.55"],
      "sources" : ["2.16.840.1.113883.4.642.3.55"],
      "uses" : {
      },
      "StructureDefinition-tb-pass-composition.html" : "TB Pass IPS Composition"
    },
    {
      "url" : "http://hl7.org/fhir/ValueSet/observation-category",
      "version" : "4.0.1",
      "status" : "draft",
      "name" : "ObservationCategoryCodes",
      "title" : "Observation Category Codes",
      "description" : "Observation Category codes.",
      "systems" : ["http://terminology.hl7.org/CodeSystem/observation-category"],
      "oids" : ["2.16.840.1.113883.4.642.3.403"],
      "sources" : ["2.16.840.1.113883.4.642.3.403"],
      "uses" : {
      },
      "StructureDefinition-lab-results-observation.html" : "TB Pass Treatment Outcome",
      "StructureDefinition-treatment-outcome-observation.html" : "TB Pass Treatment Outcome",
      "StructureDefinition-ghana-tb-vital-signs.html" : "TB Pass IPS Vital Signs",
      "StructureDefinition-ghana-tb-observation.html" : "TB Pass IPS Observation"
    },
    {
      "url" : "http://hl7.org/fhir/ValueSet/observation-codes",
      "version" : "4.0.1",
      "status" : "draft",
      "name" : "LOINCCodes",
      "title" : "LOINC Codes",
      "description" : "This value set includes all LOINC codes",
      "systems" : ["http://loinc.org"],
      "oids" : ["2.16.840.1.113883.4.642.3.396"],
      "sources" : ["2.16.840.1.113883.4.642.3.396"],
      "uses" : {
      },
      "StructureDefinition-lab-results-observation.html" : "TB Pass Treatment Outcome",
      "StructureDefinition-treatment-outcome-observation.html" : "TB Pass Treatment Outcome",
      "StructureDefinition-ghana-tb-observation.html" : "TB Pass IPS Observation"
    },
    {
      "url" : "http://hl7.org/fhir/ValueSet/observation-interpretation",
      "version" : "4.0.1",
      "status" : "active",
      "name" : "ObservationInterpretationCodes",
      "title" : "Observation Interpretation Codes",
      "description" : "A categorical assessment, providing a rough qualitative interpretation of the observation value,    such as “normal”/ “abnormal”,”low” / “high”, “better” / “worse”, “susceptible” / “resistant”, “expected”/ “not expected”.    The value set is intended to be for ANY use where coded representation of an interpretation is needed.   \r\n   \r\n   Notes:\r\n   \r\n   This is being communicated in v2.x in OBX-8 (Observation Interpretation), in v3 in ObservationInterpretation (CWE) in R1 (Representative Realm) and in FHIR in    Observation.interpretation. Historically these values come from the laboratory domain, and these codes are extensively    used. The value set binding is extensible, so codes outside the value set that are needed for interpretation concepts    (i.e. particular meanings) that are not included in the value set can be used, and these new codes may also be added to    the value set and published in a future version.",
      "systems" : [
        "http://terminology.hl7.org/CodeSystem/v3-ObservationInterpretation"
      ],
      "oids" : ["2.16.840.1.113883.4.642.3.399"],
      "sources" : ["2.16.840.1.113883.4.642.3.399"],
      "uses" : {
      },
      "StructureDefinition-lab-results-observation.html" : "TB Pass Treatment Outcome",
      "StructureDefinition-treatment-outcome-observation.html" : "TB Pass Treatment Outcome",
      "StructureDefinition-ghana-tb-vital-signs.html" : "TB Pass IPS Vital Signs",
      "StructureDefinition-ghana-tb-observation.html" : "TB Pass IPS Observation"
    },
    {
      "url" : "http://hl7.org/fhir/ValueSet/observation-methods",
      "version" : "4.0.1",
      "status" : "draft",
      "name" : "ObservationMethods",
      "title" : "Observation Methods",
      "description" : "Observation Method codes from [SNOMED CT](http://snomed.info/sct) where concept is-a 272394005 (Technique (qualifier value)) or is-a 129264002 (Action (qualifier value)) or is-a 386053000 (Evaluation procedure(procedure))",
      "systems" : ["http://snomed.info/sct"],
      "oids" : ["2.16.840.1.113883.4.642.3.395"],
      "sources" : ["2.16.840.1.113883.4.642.3.395"],
      "uses" : {
      },
      "StructureDefinition-lab-results-observation.html" : "TB Pass Treatment Outcome",
      "StructureDefinition-treatment-outcome-observation.html" : "TB Pass Treatment Outcome",
      "StructureDefinition-ghana-tb-vital-signs.html" : "TB Pass IPS Vital Signs",
      "StructureDefinition-ghana-tb-observation.html" : "TB Pass IPS Observation"
    },
    {
      "url" : "http://hl7.org/fhir/ValueSet/observation-status",
      "version" : "4.0.1",
      "status" : "active",
      "name" : "ObservationStatus",
      "title" : "ObservationStatus",
      "description" : "Codes providing the status of an observation.",
      "systems" : ["http://hl7.org/fhir/observation-status"],
      "oids" : ["2.16.840.1.113883.4.642.3.400"],
      "sources" : ["2.16.840.1.113883.4.642.3.400"],
      "uses" : {
      },
      "StructureDefinition-lab-results-observation.html" : "TB Pass Treatment Outcome",
      "StructureDefinition-treatment-outcome-observation.html" : "TB Pass Treatment Outcome",
      "StructureDefinition-ghana-tb-vital-signs.html" : "TB Pass IPS Vital Signs",
      "StructureDefinition-ghana-tb-observation.html" : "TB Pass IPS Observation"
    },
    {
      "url" : "http://hl7.org/fhir/ValueSet/observation-vitalsignresult",
      "version" : "4.0.1",
      "status" : "active",
      "name" : "VitalSigns",
      "title" : "Vital Signs",
      "description" : "This value set indicates the allowed vital sign result types.   The LOINC code for Vitals Signs panel (85353-1) is a grouping structure for a set of vital signs and includes related links (with type=has-member) to the Observations in this set (e.g. respiratory rate, heart rate, BP).  The Blood pressure panel (85354-9) is used to group the component observations Systolic blood pressure (8480-6) and Diastolic blood pressure (8462-4).",
      "systems" : ["http://loinc.org"],
      "oids" : ["2.16.840.1.113883.3.88.12.80.62"],
      "sources" : ["2.16.840.1.113883.3.88.12.80.62"],
      "uses" : {
      },
      "StructureDefinition-ghana-tb-vital-signs.html" : "TB Pass IPS Vital Signs"
    },
    {
      "url" : "http://hl7.org/fhir/ValueSet/patient-contactrelationship",
      "version" : "4.0.1",
      "status" : "active",
      "name" : "PatientContactRelationship",
      "title" : "Patient Contact Relationship ",
      "description" : "The nature of the relationship between the patient and the contact person.",
      "systems" : ["http://terminology.hl7.org/CodeSystem/v2-0131"],
      "oids" : ["2.16.840.1.113883.4.642.3.1130"],
      "sources" : ["2.16.840.1.113883.4.642.3.1130"],
      "uses" : {
      },
      "StructureDefinition-tb-pass-patient.html" : "TB Pass Patient"
    },
    {
      "url" : "http://hl7.org/fhir/ValueSet/reason-medication-status-codes",
      "version" : "4.0.1",
      "status" : "draft",
      "name" : "SNOMEDCTDrugTherapyStatusCodes",
      "title" : "SNOMED CT Drug Therapy Status codes ",
      "description" : "This value set includes some taken and not taken reason codes from SNOMED CT - provided as an exemplar",
      "systems" : ["http://snomed.info/sct"],
      "oids" : ["2.16.840.1.113883.4.642.3.369"],
      "sources" : ["2.16.840.1.113883.4.642.3.369"],
      "uses" : {
      },
      "StructureDefinition-regimen-medicationstatement.html" : "TB Pass TBMedicationStatement"
    },
    {
      "url" : "http://hl7.org/fhir/ValueSet/referencerange-appliesto",
      "version" : "4.0.1",
      "status" : "draft",
      "name" : "ObservationReferenceRangeAppliesToCodes",
      "title" : "Observation Reference Range Applies To Codes",
      "description" : "This value set defines a set of codes that can be used to indicate the particular target population the reference range applies to.",
      "systems" : [
        "http://terminology.hl7.org/CodeSystem/v3-Race",
        "http://snomed.info/sct"
      ],
      "oids" : ["2.16.840.1.113883.4.642.3.407"],
      "sources" : ["2.16.840.1.113883.4.642.3.407"],
      "uses" : {
      },
      "StructureDefinition-lab-results-observation.html" : "TB Pass Treatment Outcome",
      "StructureDefinition-treatment-outcome-observation.html" : "TB Pass Treatment Outcome",
      "StructureDefinition-ghana-tb-vital-signs.html" : "TB Pass IPS Vital Signs",
      "StructureDefinition-ghana-tb-observation.html" : "TB Pass IPS Observation"
    },
    {
      "url" : "http://hl7.org/fhir/ValueSet/referencerange-meaning",
      "version" : "4.0.1",
      "status" : "draft",
      "name" : "ObservationReferenceRangeMeaningCodes",
      "title" : "Observation Reference Range Meaning Codes",
      "description" : "This value set defines a set of codes that can be used to indicate the meaning/use of a reference range for a particular target population.",
      "systems" : [
        "http://terminology.hl7.org/CodeSystem/referencerange-meaning"
      ],
      "oids" : ["2.16.840.1.113883.4.642.3.397"],
      "sources" : ["2.16.840.1.113883.4.642.3.397"],
      "uses" : {
      },
      "StructureDefinition-lab-results-observation.html" : "TB Pass Treatment Outcome",
      "StructureDefinition-treatment-outcome-observation.html" : "TB Pass Treatment Outcome",
      "StructureDefinition-ghana-tb-vital-signs.html" : "TB Pass IPS Vital Signs",
      "StructureDefinition-ghana-tb-observation.html" : "TB Pass IPS Observation"
    },
    {
      "url" : "http://hl7.org/fhir/ValueSet/resource-types",
      "version" : "4.0.1",
      "status" : "active",
      "name" : "ResourceType",
      "title" : "ResourceType",
      "description" : "One of the resource types defined as part of this version of FHIR.",
      "systems" : ["http://hl7.org/fhir/resource-types"],
      "oids" : ["2.16.840.1.113883.4.642.3.27"],
      "sources" : ["2.16.840.1.113883.4.642.3.27"],
      "uses" : {
      },
      "StructureDefinition-tb-pass-specimen.html" : "TB Pass Specimen",
      "StructureDefinition-lab-results-observation.html" : "TB Pass Treatment Outcome",
      "StructureDefinition-treatment-outcome-observation.html" : "TB Pass Treatment Outcome",
      "StructureDefinition-tb-pass-composition.html" : "TB Pass IPS Composition",
      "StructureDefinition-tb-problem.html" : "TB Pass Problem",
      "StructureDefinition-regimen-medicationstatement.html" : "TB Pass TBMedicationStatement",
      "StructureDefinition-ghana-tb-observation.html" : "TB Pass IPS Observation"
    },
    {
      "url" : "http://hl7.org/fhir/ValueSet/specimen-collection-method",
      "version" : "4.0.1",
      "status" : "draft",
      "name" : "FHIRSpecimenCollectionMethod",
      "title" : "FHIR Specimen Collection Method",
      "description" : " This example value set defines a set of codes that can be used to indicate the method by which a specimen was collected.",
      "systems" : ["http://snomed.info/sct"],
      "oids" : ["2.16.840.1.113883.4.642.3.468"],
      "sources" : ["2.16.840.1.113883.4.642.3.468"],
      "uses" : {
      },
      "StructureDefinition-tb-pass-specimen.html" : "TB Pass Specimen"
    },
    {
      "url" : "http://hl7.org/fhir/ValueSet/specimen-container-type",
      "version" : "4.0.1",
      "status" : "draft",
      "name" : "SpecimenContainerType",
      "title" : "Specimen Container Type",
      "description" : "Checks on the patient prior specimen collection. All SNOMED CT concepts descendants of 706041008 |Device for body fluid and tissue collection/transfer/processing (physical object)|",
      "systems" : ["http://snomed.info/sct"],
      "oids" : ["2.16.840.1.113883.4.642.3.470"],
      "sources" : ["2.16.840.1.113883.4.642.3.470"],
      "uses" : {
      },
      "StructureDefinition-tb-pass-specimen.html" : "TB Pass Specimen"
    },
    {
      "url" : "http://hl7.org/fhir/ValueSet/specimen-processing-procedure",
      "version" : "4.0.1",
      "status" : "draft",
      "name" : "SpecimenProcessingProcedure",
      "title" : "Specimen processing procedure",
      "description" : "The technique that is used to perform the process or preserve the specimen.",
      "systems" : ["http://terminology.hl7.org/CodeSystem/v2-0373"],
      "oids" : ["2.16.840.1.113883.4.642.3.469"],
      "sources" : ["2.16.840.1.113883.4.642.3.469"],
      "uses" : {
      },
      "StructureDefinition-tb-pass-specimen.html" : "TB Pass Specimen"
    },
    {
      "url" : "http://hl7.org/fhir/ValueSet/specimen-status",
      "version" : "4.0.1",
      "status" : "draft",
      "name" : "SpecimenStatus",
      "title" : "SpecimenStatus",
      "description" : "Codes providing the status/availability of a specimen.",
      "systems" : ["http://hl7.org/fhir/specimen-status"],
      "oids" : ["2.16.840.1.113883.4.642.3.471"],
      "sources" : ["2.16.840.1.113883.4.642.3.471"],
      "uses" : {
      },
      "StructureDefinition-tb-pass-specimen.html" : "TB Pass Specimen"
    },
    {
      "url" : "http://hl7.org/fhir/ValueSet/ucum-vitals-common",
      "version" : "4.0.1",
      "status" : "draft",
      "name" : "VitalSignsUnits",
      "title" : "Vital Signs Units",
      "description" : "Common UCUM units for recording Vital Signs",
      "systems" : ["http://unitsofmeasure.org"],
      "oids" : ["2.16.840.1.113883.4.642.3.955"],
      "sources" : ["2.16.840.1.113883.4.642.3.955"],
      "uses" : {
      },
      "StructureDefinition-ghana-tb-vital-signs.html" : "TB Pass IPS Vital Signs"
    },
    {
      "url" : "http://hl7.org/fhir/uv/ips/ValueSet/absent-or-unknown-problems-uv-ips",
      "version" : "1.1.0",
      "status" : "active",
      "name" : "AbsentOrUnknownProblemsUvIps",
      "title" : "Absent or Unknown Problems - IPS",
      "description" : "Absent or Unknown Problems",
      "systems" : [
        "http://hl7.org/fhir/uv/ips/CodeSystem/absent-unknown-uv-ips"
      ],
      "uses" : {
      },
      "StructureDefinition-tb-problem.html" : "TB Pass Problem"
    },
    {
      "url" : "http://hl7.org/fhir/uv/ips/ValueSet/body-site-uv-ips",
      "version" : "1.1.0",
      "status" : "active",
      "name" : "BodySiteUvIps",
      "title" : "Body Site - IPS",
      "description" : "IPS body site value set. This value set includes a set of codes from SNOMED CT that may be used to represent body sites (e.g., for laboratory specimen collection).",
      "systems" : ["http://snomed.info/sct"],
      "uses" : {
      },
      "StructureDefinition-tb-pass-specimen.html" : "TB Pass Specimen"
    },
    {
      "url" : "http://hl7.org/fhir/uv/ips/ValueSet/condition-severity-uv-ips",
      "version" : "1.1.0",
      "status" : "active",
      "name" : "ProblemSeverityUvIps",
      "title" : "Problem Severity - IPS",
      "description" : "Problem Severity. The [condition-severity](https://www.hl7.org/fhir/R4/valueset-condition-severity.html) value set from the base Condition resource is now the preferred binding for IPS.  This value set of LOINC answer codes is retained as an additional binding for backward compatibility with the prior IPS release.",
      "systems" : ["http://loinc.org"],
      "uses" : {
      },
      "StructureDefinition-tb-problem.html" : "TB Pass Problem"
    },
    {
      "url" : "http://hl7.org/fhir/uv/ips/ValueSet/medication-snomed-absent-unknown-uv-ips",
      "version" : "1.1.0",
      "status" : "active",
      "name" : "MedicationSnomedCodesAbsentUnknown",
      "title" : "Medications - SNOMED CT + Absent/Unknown (IPS)",
      "description" : "This value set includes the codes from SNOMED CT that are included in: descendants of 373873005 \\|Pharmaceutical / biologic product (product)\\|, excluding the descendants of 787859002 \\|Vaccine product (medicinal product)\\|, plus IPS codes for absent/unknown medications.",
      "systems" : [
        "http://hl7.org/fhir/uv/ips/CodeSystem/absent-unknown-uv-ips",
        "http://snomed.info/sct"
      ],
      "uses" : {
      },
      "StructureDefinition-regimen-medicationstatement.html" : "TB Pass TBMedicationStatement"
    },
    {
      "url" : "http://hl7.org/fhir/uv/ips/ValueSet/medicine-route-of-administration",
      "version" : "1.1.0",
      "status" : "active",
      "name" : "MedicineRouteOfAdministrationUvIps",
      "title" : "Medicine Route of Administration - IPS",
      "description" : "EDQM (European Directorate for the Quality of Medicines and Healthcare) Route of Administration codes.  This Value Set includes all the EDQM Standard Terms having:  \n[Concept Status] = ‘Current’ AND  \n[Concept Class] = 'ROA' AND  \n[Domain] = 'Human and Veterinary'  \n\nROA = 'Route of administration'",
      "systems" : ["http://standardterms.edqm.eu"],
      "uses" : {
      },
      "StructureDefinition-regimen-medicationstatement.html" : "TB Pass TBMedicationStatement"
    },
    {
      "url" : "http://hl7.org/fhir/uv/ips/ValueSet/problem-type-loinc",
      "version" : "1.1.0",
      "status" : "active",
      "name" : "ProblemTypeLoinc",
      "title" : "Problem Type (LOINC)",
      "description" : "This value set indicates the level of medical judgment used to determine the existence of a problem.",
      "systems" : ["http://loinc.org"],
      "uses" : {
      },
      "StructureDefinition-tb-problem.html" : "TB Pass Problem"
    },
    {
      "url" : "http://hl7.org/fhir/uv/ips/ValueSet/problem-type-uv-ips",
      "version" : "1.1.0",
      "status" : "active",
      "name" : "ProblemTypeUvIps",
      "title" : "Problem Type - IPS",
      "description" : "This value set provides a category for the condition as a clinical problem for inclusion in the patient summary.",
      "systems" : ["http://terminology.hl7.org/CodeSystem/condition-category"],
      "uses" : {
      },
      "StructureDefinition-tb-problem.html" : "TB Pass Problem"
    },
    {
      "url" : "http://hl7.org/fhir/uv/ips/ValueSet/problems-snomed-absent-unknown-uv-ips",
      "version" : "1.1.0",
      "status" : "active",
      "name" : "ProblemsSnomedAbsentUnknownUvIps",
      "title" : "Problems - SNOMED CT + Absent/Unknown - IPS",
      "description" : "This value set includes codes from SNOMED Clinical Terms®:  descendants of 404684003 \\|Clinical finding (finding) \\|, descendants of 243796009 \\|Situation with explicit context (situation)\\| and descendants of 272379006 \\|Event (event)\\| but excludes descendants of 71388002 \\|Procedure (procedure)\\|, as they are expected to be represented separately in the History of Procedures Section.",
      "systems" : [
        "http://hl7.org/fhir/uv/ips/CodeSystem/absent-unknown-uv-ips",
        "http://snomed.info/sct"
      ],
      "uses" : {
      },
      "StructureDefinition-tb-problem.html" : "TB Pass Problem"
    },
    {
      "url" : "http://hl7.org/fhir/uv/ips/ValueSet/problems-snomed-ct-ips-free-set",
      "version" : "1.1.0",
      "status" : "active",
      "name" : "ProblemsSnomedCtIpsFreeSet",
      "title" : "Problems - SNOMED CT IPS Free Set",
      "description" : "This value set includes the codes from the SNOMED International Patient Set (IPS) subset of SNOMED CT (IPS Free Set) that are included in: descendants of 404684003 \\|Clinical finding (finding) \\|, descendants of 243796009 \\|Situation with explicit context (situation)\\| and descendants of 272379006 \\|Event (event)\\|.  The descendants of 71388002 \\|Procedure (procedure)\\| (which were included in the CORE problem list) are not included, as they are expected to be represented separately in the History of Procedures Section.",
      "systems" : ["http://snomed.info/sct"],
      "uses" : {
      },
      "StructureDefinition-tb-problem.html" : "TB Pass Problem"
    },
    {
      "url" : "http://hl7.org/fhir/uv/ips/ValueSet/results-specimen-type-snomed-ct-ips-free-set",
      "version" : "1.1.0",
      "status" : "active",
      "name" : "ResultsSpecimenTypeSnomedCtIpsFreeSet",
      "title" : "Results Specimen Type - SNOMED CT IPS Free Set",
      "description" : "This value set includes the codes from the SNOMED International Patient Set (IPS) subset of SNOMED CT (IPS Free Set) that are included in: all descendants of 123038009 \\|Specimen (specimen)\\|.",
      "systems" : ["http://snomed.info/sct"],
      "uses" : {
      },
      "StructureDefinition-tb-pass-specimen.html" : "TB Pass Specimen"
    },
    {
      "url" : "http://terminology.hl7.org/ValueSet/v2-0371",
      "version" : "2.0.0",
      "status" : "active",
      "name" : "Hl7VSAdditivePreservative",
      "title" : "hl7VS-additivePreservative",
      "description" : "Concepts specifying any additive introduced to the specimen before or at the time of collection.  These additives may be introduced in order to preserve, maintain or enhance the particular nature or component of the specimen.  Used in Version 2 messaging in the SPM segment.",
      "systems" : ["http://terminology.hl7.org/CodeSystem/v2-0371"],
      "oids" : ["2.16.840.1.113883.21.245"],
      "sources" : ["2.16.840.1.113883.21.245"],
      "uses" : {
      },
      "StructureDefinition-tb-pass-specimen.html" : "TB Pass Specimen"
    },
    {
      "url" : "http://terminology.hl7.org/ValueSet/v2-0493",
      "version" : "2.0.0",
      "status" : "active",
      "name" : "Hl7VSSpecimenCondition",
      "title" : "hl7VS-specimenCondition",
      "description" : "Concepts of modes or states of being that describe the nature of a specimen.  Used in Version 2 messaging in the SPM segment.",
      "systems" : ["http://terminology.hl7.org/CodeSystem/v2-0493"],
      "oids" : ["2.16.840.1.113883.21.333"],
      "sources" : ["2.16.840.1.113883.21.333"],
      "uses" : {
      },
      "StructureDefinition-tb-pass-specimen.html" : "TB Pass Specimen"
    },
    {
      "url" : "http://terminology.hl7.org/ValueSet/v2-0916",
      "version" : "2.0.0",
      "status" : "active",
      "name" : "Hl7VSRelevantClincialInformation",
      "title" : "hl7VS-relevantClincialInformation",
      "description" : "Value Set of codes that specify additional clinical information about the patient or specimen to report the supporting and/or suspected diagnosis and clinical findings on requests for interpreted diagnostic studies.",
      "systems" : ["http://terminology.hl7.org/CodeSystem/v2-0916"],
      "oids" : ["2.16.840.1.113883.21.440"],
      "sources" : ["2.16.840.1.113883.21.440"],
      "uses" : {
      },
      "StructureDefinition-tb-pass-specimen.html" : "TB Pass Specimen"
    },
    {
      "url" : "http://terminology.hl7.org/ValueSet/v3-ActCode",
      "version" : "3.0.0",
      "status" : "active",
      "name" : "ActCode",
      "title" : "v3 Code System ActCode",
      "description" : "A code specifying the particular kind of Act that the Act-instance represents within its class.  Constraints:\r\nThe kind of Act (e.g. physical examination, serum potassium, inpatient encounter, charge financial transaction, etc.) is specified with a code from one of several, typically external, coding systems.  The coding system will depend on the class of Act, such as LOINC for observations, etc. Conceptually, the Act.code must be a specialization of the Act.classCode. This is why the structure of ActClass domain should be reflected in the superstructure of the ActCode domain and then individual codes or externally referenced vocabularies subordinated under these domains that reflect the ActClass structure. Act.classCode and Act.code are not modifiers of each other but the Act.code concept should really imply the Act.classCode concept. For a negative example, it is not appropriate to use an Act.code \"potassium\" together with and Act.classCode for \"laboratory observation\" to somehow mean \"potassium laboratory observation\" and then use the same Act.code for \"potassium\" together with Act.classCode for \"medication\" to mean \"substitution of potassium\". This mutually modifying use of Act.code and Act.classCode is not permitted.",
      "systems" : ["http://terminology.hl7.org/CodeSystem/v3-ActCode"],
      "uses" : {
      },
      "StructureDefinition-tb-pass-composition.html" : "TB Pass IPS Composition"
    },
    {
      "url" : "http://terminology.hl7.org/ValueSet/v3-ConfidentialityClassification",
      "version" : "2014-03-26",
      "status" : "active",
      "name" : "v3.ConfidentialityClassification",
      "title" : "V3 Value SetConfidentialityClassification",
      "description" : " Set of codes used to value Act.Confidentiality and Role.Confidentiality attribute in accordance with the definition for concept domain \"Confidentiality\".",
      "systems" : ["http://terminology.hl7.org/CodeSystem/v3-Confidentiality"],
      "oids" : ["2.16.840.1.113883.1.11.10228"],
      "sources" : ["2.16.840.1.113883.1.11.10228"],
      "uses" : {
      },
      "StructureDefinition-tb-pass-composition.html" : "TB Pass IPS Composition"
    }
  ]
}
