{"resourceType":"ValueSet","id":"treatment-outcome-vs","text":{"status":"generated","div":"<div xmlns=\"http://www.w3.org/1999/xhtml\"><p class=\"res-header-id\"><b>Generated Narrative: ValueSet treatment-outcome-vs</b></p><a name=\"treatment-outcome-vs\"> </a><a name=\"hctreatment-outcome-vs\"> </a><a name=\"treatment-outcome-vs-en-US\"> </a><ul><li>Include all codes defined in <a href=\"CodeSystem-treatment-outcome.html\"><code>http://fhir.nhis.gov.gh/CodeSystem/TreatmentOutcome</code></a></li></ul></div>"},"url":"http://DigitalSQR.github.io/TBPass-Gh/ValueSet/treatment-outcome-vs","version":"0.1.0","name":"TreatmentOutcomeVS","title":"Treatment Outcome ValueSet","status":"draft","date":"2025-05-21T15:04:54+00:00","publisher":"Digital Square","contact":[{"name":"Digital Square","telecom":[{"system":"url","value":"http://example.org/example-publisher"}]}],"description":"A ValueSet for Treatment Outcomes.","compose":{"include":[{"system":"http://fhir.nhis.gov.gh/CodeSystem/TreatmentOutcome"}]}}