{
  "resourceType" : "Composition",
  "id" : "tbpass-composition-001",
  "meta" : {
    "profile" : ["http://DigitalSQR.github.io/TBPass-Gh/StructureDefinition/tb-pass-composition"]
  },
  "text" : {
    "status" : "generated",
    "div" : "<div xmlns=\"http://www.w3.org/1999/xhtml\"><p class=\"res-header-id\"><b>Generated Narrative: Composition tbpass-composition-001</b></p><a name=\"tbpass-composition-001\"> </a><a name=\"hctbpass-composition-001\"> </a><a name=\"tbpass-composition-001-en-US\"> </a><div style=\"display: inline-block; background-color: #d9e0e7; padding: 6px; margin: 4px; border: 1px solid #8da1b4; border-radius: 5px; line-height: 60%\"><p style=\"margin-bottom: 0px\"/><p style=\"margin-bottom: 0px\">Profile: <a href=\"StructureDefinition-tb-pass-composition.html\">TB Pass IPS Composition</a></p></div><p><b>status</b>: Final</p><p><b>type</b>: <span title=\"Codes:{http://loinc.org 60591-5}\">Tuberculosis Progress Note</span></p><p><b>date</b>: 2025-05-11</p><p><b>author</b>: <a href=\"Practitioner/example\">Practitioner/example</a></p><p><b>title</b>: TB Case Summary for Bernard Wadie</p></div>"
  },
  "status" : "final",
  "type" : {
    "coding" : [{
      "system" : "http://loinc.org",
      "code" : "60591-5",
      "display" : "Tuberculosis Progress Note"
    }]
  },
  "subject" : {
    "reference" : "Patient/tbpass-patient-bernard"
  },
  "date" : "2025-05-11",
  "author" : [{
    "reference" : "Practitioner/example"
  }],
  "title" : "TB Case Summary for Bernard Wadie",
  "section" : [{
    "title" : "Problems",
    "code" : {
      "coding" : [{
        "system" : "http://loinc.org",
        "code" : "11450-4"
      }]
    },
    "text" : {
      "status" : "generated",
      "div" : "<div>Confirmed TB case for Bernard Wadie</div>"
    },
    "entry" : [{
      "reference" : "Condition/tbpass-problem-tb"
    }]
  },
  {
    "title" : "Medications",
    "code" : {
      "coding" : [{
        "system" : "http://loinc.org",
        "code" : "10160-0"
      }]
    },
    "text" : {
      "status" : "generated",
      "div" : "<div>First-line TB treatment regimen for Bernard Wadie</div>"
    },
    "entry" : [{
      "reference" : "MedicationStatement/tbpass-treatment-regimen"
    }]
  },
  {
    "title" : "Vital Signs",
    "code" : {
      "coding" : [{
        "system" : "http://loinc.org",
        "code" : "8716-3"
      }]
    },
    "text" : {
      "status" : "generated",
      "div" : "<div>Vital signs at start of treatment</div>"
    },
    "entry" : [{
      "reference" : "Observation/tbpass-vitals"
    }]
  },
  {
    "title" : "Lab Results",
    "code" : {
      "coding" : [{
        "system" : "http://loinc.org",
        "code" : "30954-2"
      }]
    },
    "text" : {
      "status" : "generated",
      "div" : "<div>Lab result showing positive smear microscopy</div>"
    },
    "entry" : [{
      "reference" : "Observation/tbpass-treatment-outcome"
    },
    {
      "reference" : "Observation/tbpass-labresult-001"
    }]
  },
  {
    "title" : "No allergies",
    "code" : {
      "coding" : [{
        "system" : "http://loinc.org",
        "code" : "48765-2"
      }]
    },
    "text" : {
      "status" : "generated",
      "div" : "<div>No known allergies</div>"
    },
    "entry" : [{
      "extension" : [{
        "url" : "http://hl7.org/fhir/StructureDefinition/data-absent-reason",
        "valueCode" : "unknown"
      }]
    }]
  }]
}