{
  "resourceType" : "Observation",
  "id" : "tbpass-labresult-001",
  "meta" : {
    "profile" : ["http://DigitalSQR.github.io/TBPass-Gh/StructureDefinition/lab-results-observation"]
  },
  "text" : {
    "status" : "generated",
    "div" : "<div xmlns=\"http://www.w3.org/1999/xhtml\"><p class=\"res-header-id\"><b>Generated Narrative: Observation tbpass-labresult-001</b></p><a name=\"tbpass-labresult-001\"> </a><a name=\"hctbpass-labresult-001\"> </a><a name=\"tbpass-labresult-001-en-US\"> </a><div style=\"display: inline-block; background-color: #d9e0e7; padding: 6px; margin: 4px; border: 1px solid #8da1b4; border-radius: 5px; line-height: 60%\"><p style=\"margin-bottom: 0px\"/><p style=\"margin-bottom: 0px\">Profile: <a href=\"StructureDefinition-lab-results-observation.html\">TB Pass Treatment Outcome</a></p></div><p><b>status</b>: Final</p><p><b>code</b>: <span title=\"Codes:{http://fhir.nhis.gov.gh/CodeSystem/TestType sputum-smear}\">Sputum Smear</span></p><p><b>subject</b>: <a href=\"Patient-tbpass-patient-bernard.html\">Bernard Kwasi Wadie  Male, DoB: 2018 ( http://fhir.nhis.gov.gh/Identifier/ClientRegistrationNumber#250508-0001-AF00010101)</a></p><p><b>effective</b>: 2025-05-11</p><p><b>value</b>: <span title=\"Codes:{http://fhir.nhis.gov.gh/CodeSystem/TestResult positive-1}\">Positive (+)</span></p><p><b>note</b>: Smear microscopy result returned positive (+)</p><p><b>specimen</b>: <a href=\"Specimen-tbpass-specimen-ak001.html\">Specimen: identifier = http://fhir.nhis.gov.gh/Identifier/TBPassSpecimenID#AK-TB-001; type = Sputum</a></p></div>"
  },
  "status" : "final",
  "code" : {
    "coding" : [{
      "system" : "http://fhir.nhis.gov.gh/CodeSystem/TestType",
      "code" : "sputum-smear"
    }]
  },
  "subject" : {
    "reference" : "Patient/tbpass-patient-bernard"
  },
  "effectiveDateTime" : "2025-05-11",
  "valueCodeableConcept" : {
    "coding" : [{
      "system" : "http://fhir.nhis.gov.gh/CodeSystem/TestResult",
      "code" : "positive-1"
    }]
  },
  "note" : [{
    "text" : "Smear microscopy result returned positive (+)"
  }],
  "specimen" : {
    "reference" : "Specimen/tbpass-specimen-ak001"
  }
}