{
  "resourceType" : "Patient",
  "id" : "tbpass-patient-bernard",
  "meta" : {
    "profile" : ["http://DigitalSQR.github.io/TBPass-Gh/StructureDefinition/tb-pass-patient"]
  },
  "text" : {
    "status" : "generated",
    "div" : "<div xmlns=\"http://www.w3.org/1999/xhtml\"><p class=\"res-header-id\"><b>Generated Narrative: Patient tbpass-patient-bernard</b></p><a name=\"tbpass-patient-bernard\"> </a><a name=\"hctbpass-patient-bernard\"> </a><a name=\"tbpass-patient-bernard-en-US\"> </a><div style=\"display: inline-block; background-color: #d9e0e7; padding: 6px; margin: 4px; border: 1px solid #8da1b4; border-radius: 5px; line-height: 60%\"><p style=\"margin-bottom: 0px\"/><p style=\"margin-bottom: 0px\">Profile: <a href=\"StructureDefinition-tb-pass-patient.html\">TB Pass Patient</a></p></div><p style=\"border: 1px #661aff solid; background-color: #e6e6ff; padding: 10px;\">Bernard Kwasi Wadie  Male, DoB: 2018 ( http://fhir.nhis.gov.gh/Identifier/ClientRegistrationNumber#250508-0001-AF00010101)</p><hr/><table class=\"grid\"><tr><td style=\"background-color: #f3f5da\" title=\"Other Ids (see the one above)\">Other Ids:</td><td colspan=\"3\"><ul><li><code>http://fhir.nhis.gov.gh/Identifier/NationalIDNumber</code>/GHA-123456789-0</li><li><code>http://fhir.nhis.gov.gh/Identifier/NHISNumber</code>/123456789</li></ul></td></tr><tr><td style=\"background-color: #f3f5da\" title=\"Ways to contact the Patient\">Contact Detail</td><td colspan=\"3\">ph: 247775121</td></tr></table></div>"
  },
  "identifier" : [{
    "system" : "http://fhir.nhis.gov.gh/Identifier/ClientRegistrationNumber",
    "value" : "250508-0001-AF00010101"
  },
  {
    "system" : "http://fhir.nhis.gov.gh/Identifier/NationalIDNumber",
    "value" : "GHA-123456789-0"
  },
  {
    "system" : "http://fhir.nhis.gov.gh/Identifier/NHISNumber",
    "value" : "123456789"
  }],
  "name" : [{
    "family" : "Wadie",
    "given" : ["Bernard",
    "Kwasi"]
  }],
  "telecom" : [{
    "system" : "phone",
    "value" : "247775121"
  }],
  "gender" : "male",
  "birthDate" : "2018"
}